0,1,2,3
0.0,0.0,145.62399291992188,120.87000274658205
0.0,0.0,145.7562713623047,121.34076690673828
0.0,0.0,145.86366271972656,121.8158950805664
0.0,0.0,145.9463653564453,122.2952651977539
0.0,0.0,146.0045623779297,122.7787399291992
0.0,0.0,146.0384521484375,123.26619720458984
0.0,0.0,146.04820251464844,123.7574996948242
0.0,0.0,146.0340118408203,124.25252532958984
0.0,0.0,145.9960784912109,124.75113677978516
0.0,0.0,145.9345703125,125.25320434570312
0.0,0.0,145.84970092773435,125.75861358642578
0.0,0.0,145.7416229248047,126.2672119140625
0.0,0.0,145.61056518554688,126.77889251708984
0.0,0.0,145.45668029785156,127.29351043701172
0.0,0.0,145.28016662597656,127.81095123291016
0.0,0.0,145.0812225341797,128.33106994628906
0.0,0.0,144.8600311279297,128.8537445068359
0.0,0.0,144.6167755126953,129.37884521484375
0.0,0.0,144.3516387939453,129.9062347412109
0.0,0.0,144.0648193359375,130.435791015625
0.0,0.0,143.7565155029297,130.96739196777344
0.0,0.0,143.4268798828125,131.5009002685547
0.0,0.0,143.07614135742188,132.0361785888672
0.0,0.0,142.70445251464844,132.5731201171875
0.0,0.0,142.31202697753906,133.111572265625
0.0,0.0,141.89903259277344,133.6514129638672
0.0,0.0,141.46568298339844,134.19252014160156
0.0,0.0,141.0121307373047,134.73475646972656
0.0,0.0,140.53860473632812,135.27798461914062
0.0,0.0,140.04525756835935,135.8220977783203
0.0,0.0,139.53228759765625,136.36695861816406
0.0,0.0,138.99989318847656,136.91241455078125
0.0,0.0,138.4482421875,137.4583740234375
0.0,0.0,137.87754821777344,138.0046844482422
0.0,0.0,137.28797912597656,138.55120849609375
0.0,0.0,136.6797332763672,139.09783935546875
0.0,0.0,136.05299377441406,139.64443969726562
0.0,0.0,135.407958984375,140.1908721923828
0.0,0.0,134.7447967529297,140.7370147705078
0.0,0.0,134.0637054443359,141.28273010253906
0.0,0.0,133.36488342285156,141.82789611816406
0.0,0.0,132.64849853515625,142.3723907470703
0.0,0.0,131.9147491455078,142.9160614013672
0.0,0.0,131.163818359375,143.45880126953125
0.0,0.0,130.39588928222656,144.0004730224609
0.0,0.0,129.61117553710935,144.54095458984375
0.0,0.0,128.80984497070312,145.08010864257812
0.0,0.0,127.99208068847656,145.6177978515625
0.0,0.0,127.1580810546875,146.15390014648435
0.0,0.0,126.3080368041992,146.68829345703125
0.0,0.0,125.44212341308592,147.22084045410156
0.0,0.0,124.56053161621092,147.75140380859375
0.0,0.0,123.66345977783205,148.27987670898435
0.0,0.0,122.75108337402344,148.8061065673828
0.0,0.0,121.82360076904295,149.32998657226562
0.0,0.0,120.88119506835936,149.8513641357422
0.0,0.0,119.9240493774414,150.37013244628906
0.0,0.0,118.95235443115234,150.88613891601562
0.0,0.0,117.96630859375,151.39927673339844
0.0,0.0,116.96607971191406,151.90939331054688
0.0,0.0,115.95187377929688,152.4163818359375
0.0,0.0,114.92386627197264,152.9200897216797
0.0,0.0,113.8822555541992,153.42041015625
0.0,0.0,112.82721710205078,153.91720581054688
0.0,0.0,111.75894927978516,154.41033935546875
0.0,0.0,110.67763519287108,154.89968872070312
0.0,0.0,109.58346557617188,155.38511657714844
0.0,0.0,108.47663116455078,155.8665008544922
0.0,0.0,107.35730743408205,156.34371948242188
0.0,0.0,106.22569274902344,156.8166351318359
0.0,0.0,105.08197021484376,157.28512573242188
0.0,0.0,103.92633056640624,157.74903869628906
0.0,0.0,102.7589645385742,158.20826721191406
0.0,0.0,101.5800552368164,158.6626739501953
0.0,0.0,100.38978576660156,159.1121368408203
0.0,0.0,99.1883544921875,159.55650329589844
0.0,0.0,97.97594451904298,159.9956817626953
0.0,0.0,96.75273895263673,160.42950439453125
0.0,0.0,95.51893615722656,160.85787963867188
0.0,0.0,94.27471923828125,161.2806396484375
0.0,0.0,93.02027130126952,161.6976776123047
0.0,0.0,91.75578308105469,162.10885620117188
0.0,0.0,90.4814453125,162.51406860351562
0.0,0.0,89.1974411010742,162.91314697265625
0.0,0.0,87.90396118164062,163.3059844970703
0.0,0.0,86.6011962890625,163.6924591064453
0.0,0.0,85.2893295288086,164.07241821289062
0.0,0.0,83.96854400634764,164.4457550048828
0.0,0.0,82.6390380859375,164.81231689453125
0.0,0.0,81.3010025024414,165.1719970703125
0.0,0.0,79.97520446777342,165.51931762695312
0.0,0.0,78.65264892578125,165.85682678222656
0.0,0.0,77.33354187011719,166.18453979492188
0.0,0.0,76.01811981201172,166.5024871826172
0.0,0.0,74.70660400390625,166.81065368652344
0.0,0.0,73.39923095703125,167.10910034179688
0.0,0.0,72.09620666503906,167.39779663085935
0.0,0.0,70.79777526855469,167.6768035888672
0.0,0.0,69.504150390625,167.94610595703125
0.0,0.0,68.21556091308594,168.2057342529297
0.0,0.0,66.93223571777344,168.45570373535156
0.0,0.0,65.6543960571289,168.6960296630859
0.0,0.0,64.38227081298828,168.92672729492188
0.0,0.0,63.11608505249024,169.1478271484375
0.0,0.0,61.856060028076165,169.3593292236328
0.0,0.0,60.6024284362793,169.5612640380859
0.0,0.0,59.35540771484375,169.7536468505859
0.0,0.0,58.115230560302734,169.9364776611328
0.0,0.0,56.88212203979492,170.10980224609375
0.0,0.0,55.65630340576172,170.2736053466797
0.0,0.0,54.438003540039055,170.4279327392578
0.0,0.0,53.22744369506836,170.57278442382812
0.0,0.0,52.024856567382805,170.7081756591797
0.0,0.0,50.830463409423835,170.83413696289062
0.0,0.0,49.64448928833008,170.9506683349609
0.0,0.0,48.46715927124024,171.0578155517578
0.0,0.0,47.29870223999024,171.1555633544922
0.0,0.0,46.13934326171875,171.2439422607422
0.0,0.0,44.989303588867195,171.32296752929688
0.0,0.0,43.84881591796875,171.39266967773435
0.0,0.0,42.71809768676758,171.4530487060547
0.0,0.0,41.59738159179688,171.50411987304688
0.0,0.0,40.48688888549805,171.54591369628906
0.0,0.0,39.38684844970703,171.5784454345703
0.0,0.0,38.297481536865234,171.60171508789062
0.0,0.0,37.219017028808594,171.61575317382812
0.0,0.0,36.151679992675774,171.6205902099609
0.0,0.0,35.09569549560547,171.6162109375
0.0,0.0,34.05128860473633,171.6026611328125
0.0,0.0,33.01868438720703,171.5799560546875
0.0,0.0,31.998111724853516,171.5480804443359
0.0,0.0,30.98979377746582,171.50709533691406
0.0,0.0,29.993955612182617,171.4569854736328
0.0,0.0,29.010824203491207,171.3977813720703
0.0,0.0,28.040624618530277,171.32949829101562
0.0,0.0,27.08358383178711,171.2521514892578
0.0,0.0,26.139923095703125,171.165771484375
0.0,0.0,25.209873199462887,171.07034301757812
0.0,0.0,24.293657302856445,170.96591186523435
0.0,0.0,23.39150047302246,170.8524932861328
0.0,0.0,22.50362968444824,170.73008728027344
0.0,0.0,21.63027000427246,170.59873962402344
0.0,0.0,20.77164649963379,170.45843505859375
0.0,0.0,19.927984237670895,170.3092041015625
0.0,0.0,19.099510192871094,170.15106201171875
0.0,0.0,18.286449432373047,169.98402404785156
0.0,0.0,17.48902702331543,169.80812072753906
0.0,0.0,16.707469940185547,169.6233673095703
0.0,0.0,15.94200325012207,169.4297637939453
0.0,0.0,15.192852020263672,169.2273406982422
0.0,0.0,14.460241317749023,169.0160980224609
0.0,0.0,13.744398117065428,168.79608154296875
0.0,0.0,13.045546531677246,168.56727600097656
0.0,0.0,12.363913536071776,168.32972717285156
0.0,0.0,11.699724197387695,168.08343505859375
0.0,0.0,11.053204536437988,167.82843017578125
0.0,0.0,10.424578666687012,167.56471252441406
0.0,0.0,9.81407356262207,167.2923126220703
0.0,0.0,9.221914291381838,167.01123046875
0.0,0.0,8.648326873779297,166.7215118408203
0.0,0.0,8.093535423278809,166.4231414794922
0.0,0.0,7.557767868041992,166.1161651611328
0.0,0.0,7.041248321533203,165.80056762695312
0.0,0.0,6.54420280456543,165.47640991210935
0.0,0.0,6.066856384277344,165.14366149902344
0.0,0.0,5.609435081481934,164.80238342285156
0.0,0.0,5.172164916992188,164.4525604248047
0.0,0.0,4.755270481109619,164.09420776367188
0.0,0.0,4.358978271484375,163.7273712158203
0.0,0.0,3.983513116836548,163.35205078125
0.0,0.0,3.6291010379791255,162.96826171875
0.0,0.0,3.2959675788879395,162.57601928710935
0.0,0.0,2.9843382835388184,162.17535400390625
0.0,0.0,2.6944386959075928,161.76626586914062
0.0,0.0,2.426494598388672,161.34878540039062
0.0,0.0,2.1807315349578857,160.9229278564453
0.0,0.0,1.9573748111724851,160.4886932373047
0.0,0.0,1.7566503286361694,160.04611206054688
0.0,0.0,1.5787835121154783,159.59521484375
0.0,0.0,1.4240000247955322,159.13600158691406
0.0,0.0,1.291727066040039,158.6652374267578
0.0,0.0,1.184333562850952,158.1901092529297
0.0,0.0,1.1016316413879395,157.7107391357422
0.0,0.0,1.0434335470199585,157.22726440429688
0.0,0.0,1.0095512866973877,156.73980712890625
0.0,0.0,0.9997970461845397,156.24850463867188
0.0,0.0,1.0139830112457275,155.75347900390625
0.0,0.0,1.0519214868545532,155.2548675537109
0.0,0.0,1.1134243011474607,154.75279235839844
0.0,0.0,1.1983039379119873,154.2473907470703
0.0,0.0,1.3063722848892212,153.73878479003906
0.0,0.0,1.4374417066574097,153.22711181640625
0.0,0.0,1.5913242101669312,152.7124786376953
0.0,0.0,1.7678319215774536,152.1950531005859
0.0,0.0,1.966777205467224,151.6749267578125
0.0,0.0,2.1879720687866206,151.1522674560547
0.0,0.0,2.4312286376953125,150.62716674804688
0.0,0.0,2.6963589191436768,150.09976196289062
0.0,0.0,2.98317551612854,149.57020568847656
0.0,0.0,3.291490316390991,149.03860473632812
0.0,0.0,3.621115207672119,148.50509643554688
0.0,0.0,3.9718627929687504,147.96981811523435
0.0,0.0,4.343544960021973,147.43289184570312
0.0,0.0,4.735974311828612,146.89442443847656
0.0,0.0,5.148962020874024,146.35458374023435
0.0,0.0,5.582321166992188,145.81349182128906
0.0,0.0,6.0358638763427725,145.27125549316406
0.0,0.0,6.509401798248291,144.7280120849609
0.0,0.0,7.002747058868408,144.18389892578125
0.0,0.0,7.51571226119995,143.63905334472656
0.0,0.0,8.04810905456543,143.0935821533203
0.0,0.0,8.599750518798828,142.54762268066406
0.0,0.0,9.170448303222656,142.00132751464844
0.0,0.0,9.760013580322264,141.4547882080078
0.0,0.0,10.36825942993164,140.9081573486328
0.0,0.0,10.994998931884764,140.361572265625
0.0,0.0,11.640042304992676,139.8151397705078
0.0,0.0,12.303202629089355,139.2689971923828
0.0,0.0,12.984292984008787,138.7232666015625
0.0,0.0,13.683123588562012,138.1781005859375
0.0,0.0,14.399508476257324,137.63360595703125
0.0,0.0,15.13325786590576,137.08993530273435
0.0,0.0,15.884185791015623,136.5471954345703
0.0,0.0,16.652103424072266,136.00552368164062
0.0,0.0,17.43682289123535,135.4650421142578
0.0,0.0,18.238157272338867,134.9259033203125
0.0,0.0,19.055917739868164,134.38819885253906
0.0,0.0,19.889915466308597,133.8520965576172
0.0,0.0,20.739965438842773,133.3177032470703
0.0,0.0,21.60587692260742,132.78517150878906
0.0,0.0,22.48746490478516,132.2545928955078
0.0,0.0,23.38453865051269,131.7261199951172
0.0,0.0,24.296913146972656,131.19989013671875
0.0,0.0,25.22439765930176,130.6760101318359
0.0,0.0,26.166807174682617,130.15463256835935
0.0,0.0,27.123950958251957,129.6358642578125
0.0,0.0,28.095642089843754,129.1198577880859
0.0,0.0,29.081695556640625,128.6067352294922
0.0,0.0,30.081918716430664,128.0966033935547
0.0,0.0,31.09612846374512,127.5896224975586
0.0,0.0,32.1241340637207,127.08590698242188
0.0,0.0,33.165748596191406,126.58559417724608
0.0,0.0,34.22078323364258,126.0887985229492
0.0,0.0,35.2890510559082,125.59566497802734
0.0,0.0,36.370361328125,125.10631561279295
0.0,0.0,37.46453094482422,124.62088012695312
0.0,0.0,38.57137298583984,124.13948822021484
0.0,0.0,39.69069290161133,123.66227722167967
0.0,0.0,40.82230758666992,123.18936157226562
0.0,0.0,41.96602630615234,122.7208786010742
0.0,0.0,43.12166595458984,122.2569580078125
0.0,0.0,44.28903579711913,121.7977294921875
0.0,0.0,45.46794509887695,121.34332275390624
0.0,0.0,46.65821075439453,120.89386749267578
0.0,0.0,47.85964584350586,120.44949340820312
0.0,0.0,49.07205581665039,120.01032257080078
0.0,0.0,50.295257568359375,119.57649230957033
0.0,0.0,51.5290641784668,119.1481246948242
0.0,0.0,52.773284912109375,118.7253646850586
0.0,0.0,54.02773284912109,118.30831909179688
0.0,0.0,55.29221725463867,117.89714050292967
0.0,0.0,56.56655883789063,117.49193572998045
0.0,0.0,57.85055923461913,117.09285736083984
0.0,0.0,59.144039154052734,116.70001220703124
0.0,0.0,60.446807861328125,116.31354522705078
0.0,0.0,61.75867462158203,115.93357849121092
0.0,0.0,63.07945251464844,115.56024932861328
0.0,0.0,64.4089584350586,115.19367980957033
0.0,0.0,65.74700164794922,114.83399963378906
0.0,0.0,67.07279205322266,114.48667907714844
0.0,0.0,68.39535522460938,114.149169921875
0.0,0.0,69.7144546508789,113.82145690917967
0.0,0.0,71.02987670898438,113.5035171508789
0.0,0.0,72.34139251708984,113.19534301757812
0.0,0.0,73.64877319335938,112.8969039916992
0.0,0.0,74.95178985595702,112.60820007324217
0.0,0.0,76.25022888183594,112.3292007446289
0.0,0.0,77.54385375976561,112.05989837646484
0.0,0.0,78.83243560791014,111.8002700805664
0.0,0.0,80.11576843261719,111.55030059814452
0.0,0.0,81.39360046386719,111.30997467041016
0.0,0.0,82.66573333740233,111.07926940917967
0.0,0.0,83.93191528320312,110.85816955566406
0.0,0.0,85.19194030761719,110.64666748046876
0.0,0.0,86.44557189941406,110.44473266601562
0.0,0.0,87.69258880615233,110.25235748291016
0.0,0.0,88.93276977539062,110.06951904296876
0.0,0.0,90.16587829589844,109.89620208740234
0.0,0.0,91.39169311523438,109.73239135742188
0.0,0.0,92.61000061035155,109.57807159423828
0.0,0.0,93.82055664062499,109.43321990966795
0.0,0.0,95.02313995361328,109.2978286743164
0.0,0.0,96.21753692626952,109.17186737060545
0.0,0.0,97.40351104736328,109.05532836914062
0.0,0.0,98.58084106445312,108.94818878173828
0.0,0.0,99.74929809570312,108.8504409790039
0.0,0.0,100.90866088867188,108.7620620727539
0.0,0.0,102.0586929321289,108.68302917480467
0.0,0.0,103.19918823242188,108.61333465576172
0.0,0.0,104.32990264892578,108.5529556274414
0.0,0.0,105.4506149291992,108.50187683105467
0.0,0.0,106.56111145019533,108.4600830078125
0.0,0.0,107.6611557006836,108.42755889892578
0.0,0.0,108.75051879882812,108.40428161621092
0.0,0.0,109.82898712158205,108.39024353027344
0.0,0.0,110.89632415771484,108.38541412353516
0.0,0.0,111.95230865478516,108.38977813720705
0.0,0.0,112.99671173095705,108.40333557128906
0.0,0.0,114.02931213378906,108.4260482788086
0.0,0.0,115.04988861083984,108.45791625976562
0.0,0.0,116.0582046508789,108.49890899658205
0.0,0.0,117.05404663085936,108.54901123046876
0.0,0.0,118.03717803955078,108.60821533203124
0.0,0.0,119.00737762451172,108.67649841308592
0.0,0.0,119.96441650390624,108.75384521484376
0.0,0.0,120.90807342529295,108.84023284912108
0.0,0.0,121.83812713623045,108.93565368652344
0.0,0.0,122.75434112548828,109.04008483886717
0.0,0.0,123.65650177001952,109.15350341796876
0.0,0.0,124.54437255859376,109.27590942382812
0.0,0.0,125.41773223876952,109.40726470947264
0.0,0.0,126.27635192871092,109.54756927490234
0.0,0.0,127.12001800537108,109.6968002319336
0.0,0.0,127.948486328125,109.8549346923828
0.0,0.0,128.7615509033203,110.02196502685545
0.0,0.0,129.55897521972656,110.1978759765625
0.0,0.0,130.3405303955078,110.38263702392578
0.0,0.0,131.1060028076172,110.57624053955078
0.0,0.0,131.8551483154297,110.7786636352539
0.0,0.0,132.58775329589844,110.98989868164062
0.0,0.0,133.30360412597656,111.20992279052734
0.0,0.0,134.00245666503906,111.438720703125
0.0,0.0,134.68408203125,111.67626953125
0.0,0.0,135.34828186035156,111.9225616455078
0.0,0.0,135.9947967529297,112.17757415771484
0.0,0.0,136.62342834472656,112.44129180908205
0.0,0.0,137.2339324951172,112.71369171142578
0.0,0.0,137.82608032226562,112.99476623535156
0.0,0.0,138.39967346191406,113.28449249267578
0.0,0.0,138.9544677734375,113.58285522460936
0.0,0.0,139.490234375,113.88983917236328
0.0,0.0,140.00674438476562,114.2054214477539
0.0,0.0,140.50379943847656,114.52959442138672
0.0,0.0,140.98114013671875,114.86233520507812
0.0,0.0,141.43856811523435,115.20362091064452
0.0,0.0,141.87583923339844,115.5534439086914
0.0,0.0,142.292724609375,115.91178894042967
0.0,0.0,142.68902587890625,116.27862548828124
0.0,0.0,143.06448364257812,116.65395355224608
0.0,0.0,143.4188995361328,117.03774261474608
0.0,0.0,143.7520294189453,117.42997741699217
0.0,0.0,144.06365966796875,117.83065032958984
0.0,0.0,144.3535614013672,118.23973083496092
0.0,0.0,144.6215057373047,118.65721893310545
0.0,0.0,144.8672637939453,119.08307647705078
0.0,0.0,145.0906219482422,119.51730346679688
0.0,0.0,145.29135131835935,119.95987701416016
0.0,0.0,145.4692230224609,120.41078186035156
0.0,0.0,145.62399291992188,120.87000274658205
1.0,0.0,100.12100219726562,37.63100051879882
1.0,0.0,99.91371154785155,36.58247756958008
1.0,0.0,99.67743682861328,35.544612884521484
1.0,0.0,99.4125518798828,34.5174446105957
1.0,0.0,99.11945343017578,33.501014709472656
1.0,0.0,98.79850769042967,32.4953727722168
1.0,0.0,98.45011138916016,31.50055503845215
1.0,0.0,98.0746383666992,30.516609191894528
1.0,0.0,97.67247009277344,29.543575286865234
1.0,0.0,97.24400329589844,28.581499099731445
1.0,0.0,96.78960418701172,27.63042449951172
1.0,0.0,96.30966186523438,26.690391540527344
1.0,0.0,95.80455780029295,25.761444091796875
1.0,0.0,95.27467346191406,24.8436279296875
1.0,0.0,94.72039794921875,23.936983108520508
1.0,0.0,94.1421127319336,23.041555404663082
1.0,0.0,93.54019165039062,22.15738677978516
1.0,0.0,92.91503143310547,21.284521102905277
1.0,0.0,92.26699829101561,20.42300033569336
1.0,0.0,91.6183624267578,19.5975341796875
1.0,0.0,90.95692443847656,18.78847312927246
1.0,0.0,90.2826919555664,17.995868682861328
1.0,0.0,89.5956802368164,17.21976852416992
1.0,0.0,88.89590454101561,16.460222244262695
1.0,0.0,88.1833724975586,15.717278480529783
1.0,0.0,87.45809936523438,14.990984916687012
1.0,0.0,86.72010040283203,14.281390190124512
1.0,0.0,85.9693832397461,13.588544845581055
1.0,0.0,85.20597076416014,12.91249656677246
1.0,0.0,84.4298629760742,12.253294944763184
1.0,0.0,83.64107513427734,11.61098861694336
1.0,0.0,82.8396224975586,10.985625267028809
1.0,0.0,82.02552032470702,10.377254486083984
1.0,0.0,81.19877624511719,9.785924911499023
1.0,0.0,80.35941314697266,9.211686134338379
1.0,0.0,79.50742340087889,8.654586791992188
1.0,0.0,78.64283752441406,8.11467456817627
1.0,0.0,77.76566314697266,7.591999053955078
1.0,0.0,76.87591552734375,7.086609363555908
1.0,0.0,75.97359466552734,6.598554134368896
1.0,0.0,75.05873107910156,6.127881526947021
1.0,0.0,74.1313247680664,5.674641132354736
1.0,0.0,73.19139099121092,5.238881587982178
1.0,0.0,72.23894500732422,4.8206515312194815
1.0,0.0,71.27400207519531,4.420000076293944
1.0,0.0,70.25533294677734,4.021543502807617
1.0,0.0,69.23202514648438,3.646458864212036
1.0,0.0,68.20402526855469,3.295015811920166
1.0,0.0,67.17129516601562,2.9674832820892334
1.0,0.0,66.13378143310547,2.664131164550781
1.0,0.0,65.09142303466797,2.385228395462036
1.0,0.0,64.04418182373047,2.131044864654541
1.0,0.0,62.99200439453125,1.9018498659133911
1.0,0.0,61.93484115600586,1.6979126930236816
1.0,0.0,60.87264251708984,1.5195028781890867
1.0,0.0,59.80535888671875,1.3668898344039917
1.0,0.0,58.73293685913086,1.2403428554534912
1.0,0.0,57.65533065795898,1.140131592750549
1.0,0.0,56.572486877441406,1.0665254592895508
1.0,0.0,55.48435974121094,1.0197937488555908
1.0,0.0,54.39089584350586,1.000205874443054
1.0,0.0,53.29204940795898,1.0080313682556152
1.0,0.0,52.187767028808594,1.0435395240783691
1.0,0.0,51.07799911499024,1.1069999933242796
1.0,0.0,49.99195098876953,1.1951105594635008
1.0,0.0,48.91510772705078,1.30744731426239
1.0,0.0,47.8475456237793,1.4440175294876099
1.0,0.0,46.78935241699219,1.6048287153244019
1.0,0.0,45.74060058593751,1.7898881435394287
1.0,0.0,44.70137405395508,1.9992030858993528
1.0,0.0,43.67175292968751,2.232781171798706
1.0,0.0,42.65181350708008,2.4906296730041504
1.0,0.0,41.641639709472656,2.7727558612823486
1.0,0.0,40.641311645507805,3.079167127609253
1.0,0.0,39.650901794433594,3.4098711013793945
1.0,0.0,38.670501708984375,3.7648749351501456
1.0,0.0,37.70018005371094,4.144186019897461
1.0,0.0,36.74002456665039,4.547811985015869
1.0,0.0,35.79010772705078,4.975759983062744
1.0,0.0,34.85051727294922,5.428037166595458
1.0,0.0,33.92132949829101,5.904651165008545
1.0,0.0,33.00262451171875,6.405609607696533
1.0,0.0,32.094482421875,6.93091917037964
1.0,0.0,31.19698143005371,7.480587959289551
1.0,0.0,30.310203552246094,8.054622650146483
1.0,0.0,29.434226989746094,8.653032302856445
1.0,0.0,28.56913185119629,9.275821685791016
1.0,0.0,27.715000152587887,9.92300033569336
1.0,0.0,26.899141311645508,10.57283878326416
1.0,0.0,26.103591918945312,11.23848533630371
1.0,0.0,25.328271865844727,11.919788360595703
1.0,0.0,24.57310104370117,12.616597175598145
1.0,0.0,23.838003158569332,13.32876205444336
1.0,0.0,23.12289428710937,14.056130409240723
1.0,0.0,22.427698135375977,14.798551559448242
1.0,0.0,21.752336502075195,15.555875778198242
1.0,0.0,21.09672737121582,16.327951431274414
1.0,0.0,20.460794448852536,17.114627838134766
1.0,0.0,19.84445571899414,17.915752410888672
1.0,0.0,19.247634887695312,18.731178283691406
1.0,0.0,18.670249938964844,19.56074905395508
1.0,0.0,18.11222267150879,20.404319763183597
1.0,0.0,17.573474884033203,21.26173591613769
1.0,0.0,17.05392837524414,22.13284683227539
1.0,0.0,16.553499221801754,23.017501831054688
1.0,0.0,16.072113037109375,23.915550231933597
1.0,0.0,15.609688758850096,24.82684135437012
1.0,0.0,15.166147232055664,25.751224517822266
1.0,0.0,14.741409301757812,26.688549041748047
1.0,0.0,14.335394859313965,27.638662338256836
1.0,0.0,13.948026657104492,28.601415634155277
1.0,0.0,13.5792236328125,29.57665634155273
1.0,0.0,13.22890853881836,30.564235687255856
1.0,0.0,12.897000312805176,31.56399917602539
1.0,0.0,12.580579757690428,32.59538269042969
1.0,0.0,12.291787147521973,33.62875747680664
1.0,0.0,12.029688835144041,34.6640625
1.0,0.0,11.793348312377928,35.70123291015625
1.0,0.0,11.581833839416504,36.74020385742188
1.0,0.0,11.394209861755373,37.78091049194336
1.0,0.0,11.229541778564451,38.823291778564446
1.0,0.0,11.086895942687988,39.867279052734375
1.0,0.0,10.965338706970215,40.91281127929688
1.0,0.0,10.863934516906738,41.95982360839844
1.0,0.0,10.781749725341797,43.00825119018555
1.0,0.0,10.717850685119627,44.05802917480469
1.0,0.0,10.67130184173584,45.10909271240234
1.0,0.0,10.641169548034668,46.161380767822266
1.0,0.0,10.626520156860352,47.21482849121094
1.0,0.0,10.626418113708496,48.26937103271484
1.0,0.0,10.639930725097656,49.3249397277832
1.0,0.0,10.666122436523436,50.38147735595703
1.0,0.0,10.704059600830078,51.438919067382805
1.0,0.0,10.7528076171875,52.49719238281249
1.0,0.0,10.81143283843994,53.556243896484375
1.0,0.0,10.878999710083008,54.61600112915039
1.0,0.0,10.95966625213623,55.70797348022461
1.0,0.0,11.053333282470703,56.79929733276367
1.0,0.0,11.159500122070312,57.889812469482415
1.0,0.0,11.27766704559326,58.97937011718751
1.0,0.0,11.407333374023436,60.06781768798828
1.0,0.0,11.54800033569336,61.15499877929688
1.0,0.0,11.699166297912596,62.24076461791992
1.0,0.0,11.860333442687988,63.3249626159668
1.0,0.0,12.0310001373291,64.40744018554688
1.0,0.0,12.21066665649414,65.488037109375
1.0,0.0,12.398833274841309,66.56661224365233
1.0,0.0,12.595000267028809,67.64299774169922
1.0,0.0,12.804884910583496,68.75823211669922
1.0,0.0,13.019524574279783,69.87271118164062
1.0,0.0,13.23932933807373,70.98632049560547
1.0,0.0,13.46470832824707,72.0989532470703
1.0,0.0,13.696069717407227,73.21049499511719
1.0,0.0,13.933822631835936,74.32083892822266
1.0,0.0,14.178375244140623,75.42987823486328
1.0,0.0,14.430136680603027,76.53748321533203
1.0,0.0,14.6895170211792,77.6435546875
1.0,0.0,14.956924438476562,78.74798583984375
1.0,0.0,15.23276710510254,79.85065460205078
1.0,0.0,15.517455101013184,80.95145416259764
1.0,0.0,15.811396598815916,82.0502700805664
1.0,0.0,16.114999771118164,83.14700317382812
1.0,0.0,16.40046501159668,84.14765167236328
1.0,0.0,16.69234848022461,85.14560699462889
1.0,0.0,16.990652084350582,86.14086151123047
1.0,0.0,17.295377731323242,87.13341522216797
1.0,0.0,17.606525421142578,88.12328338623047
1.0,0.0,17.924097061157227,89.11045074462889
1.0,0.0,18.248096466064453,90.09491729736328
1.0,0.0,18.578523635864254,91.07669830322264
1.0,0.0,18.915380477905277,92.0557861328125
1.0,0.0,19.2586669921875,93.0321807861328
1.0,0.0,19.608388900756836,94.0058822631836
1.0,0.0,19.96454429626465,94.97689056396483
1.0,0.0,20.327136993408203,95.94521331787107
1.0,0.0,20.69616889953613,96.91084289550781
1.0,0.0,21.071638107299805,97.87377929687501
1.0,0.0,21.45355033874512,98.83403778076173
1.0,0.0,21.84190559387207,99.79160308837889
1.0,0.0,22.236705780029297,100.74647521972656
1.0,0.0,22.63795280456543,101.69866943359376
1.0,0.0,23.04564666748047,102.64817810058592
1.0,0.0,23.45979118347168,103.59500122070312
1.0,0.0,23.88038825988769,104.53913879394533
1.0,0.0,24.307437896728516,105.4805908203125
1.0,0.0,24.740942001342773,106.4193649291992
1.0,0.0,25.18090438842773,107.35545349121092
1.0,0.0,25.627323150634766,108.28886413574217
1.0,0.0,26.08020210266113,109.21958923339844
1.0,0.0,26.53954315185547,110.1476364135742
1.0,0.0,27.005348205566406,111.07300567626952
1.0,0.0,27.477617263793945,111.99569702148436
1.0,0.0,27.95635414123535,112.91571044921876
1.0,0.0,28.441558837890625,113.83304595947264
1.0,0.0,28.9332332611084,114.74771118164062
1.0,0.0,29.431379318237305,115.6596908569336
1.0,0.0,29.93600082397461,116.56900024414062
1.0,0.0,30.53605461120605,117.62449645996092
1.0,0.0,31.149778366088867,118.6726303100586
1.0,0.0,31.774999618530277,119.7143783569336
1.0,0.0,32.4095573425293,120.75070190429688
1.0,0.0,33.05127716064453,121.78258514404295
1.0,0.0,33.698001861572266,122.81099700927734
1.0,0.0,34.93600082397461,124.72699737548828
1.0,0.0,35.71937561035156,125.92078399658205
1.0,0.0,36.52600097656249,127.13424682617188
1.0,0.0,37.26587677001953,128.2243499755859
1.0,0.0,37.84899902343751,129.04800415039062
1.0,0.0,38.49109649658203,129.9228363037109
1.0,0.0,39.128868103027344,130.80105590820312
1.0,0.0,39.76519012451172,131.68032836914062
1.0,0.0,40.402931213378906,132.55831909179688
1.0,0.0,41.044960021972656,133.4326934814453
1.0,0.0,41.69415283203125,134.30111694335935
1.0,0.0,42.353374481201165,135.1612548828125
1.0,0.0,43.0255012512207,136.01075744628906
1.0,0.0,43.713401794433594,136.84732055664062
1.0,0.0,44.41994857788086,137.6685791015625
1.0,0.0,45.14801025390625,138.4722137451172
1.0,0.0,45.90045928955078,139.25588989257812
1.0,0.0,46.6801643371582,140.0172576904297
1.0,0.0,47.4900016784668,140.75399780273435
1.0,0.0,48.34622573852539,141.45484924316406
1.0,0.0,49.21911621093751,142.0722198486328
1.0,0.0,50.106689453125,142.6055145263672
1.0,0.0,51.006961822509766,143.05416870117188
1.0,0.0,51.91795349121094,143.41761779785156
1.0,0.0,52.837684631347656,143.69528198242188
1.0,0.0,53.764175415039055,143.88658142089844
1.0,0.0,54.69544219970703,143.990966796875
1.0,0.0,55.62950897216797,144.00784301757812
1.0,0.0,56.56438827514648,143.93663024902344
1.0,0.0,57.49810409545898,143.7767791748047
1.0,0.0,58.428672790527344,143.5277099609375
1.0,0.0,59.3541145324707,143.1888427734375
1.0,0.0,60.2724494934082,142.75961303710935
1.0,0.0,61.18169784545898,142.2394561767578
1.0,0.0,62.079872131347656,141.6277618408203
1.0,0.0,62.96500015258789,140.9239959716797
1.0,0.0,63.788360595703125,140.19020080566406
1.0,0.0,64.57740783691406,139.42807006835935
1.0,0.0,65.33442687988281,138.63970947265625
1.0,0.0,66.06171417236328,137.82717895507812
1.0,0.0,66.76155853271484,136.9925994873047
1.0,0.0,67.43627166748047,136.13804626464844
1.0,0.0,68.08812713623047,135.265625
1.0,0.0,68.71942901611328,134.3774261474609
1.0,0.0,69.33246612548828,133.47552490234375
1.0,0.0,69.92953491210938,132.56204223632812
1.0,0.0,70.51293182373047,131.63905334472656
1.0,0.0,71.0849380493164,130.7086639404297
1.0,0.0,71.64786529541016,129.77294921875
1.0,0.0,72.2040023803711,128.83399963378906
1.0,0.0,72.77545928955078,127.85147857666016
1.0,0.0,73.33309173583984,126.8693618774414
1.0,0.0,73.87820434570312,125.88723754882812
1.0,0.0,74.412109375,124.90467071533205
1.0,0.0,74.93611907958984,123.92122650146484
1.0,0.0,75.4515380859375,122.93648529052734
1.0,0.0,75.95968627929686,121.95001220703124
1.0,0.0,76.46187591552734,120.96137237548828
1.0,0.0,76.95941162109375,119.9701461791992
1.0,0.0,77.45359802246092,118.97590637207033
1.0,0.0,77.94576263427734,117.97821044921876
1.0,0.0,78.43720245361328,116.97663879394533
1.0,0.0,78.92923736572266,115.97076416015624
1.0,0.0,79.4231719970703,114.96015167236328
1.0,0.0,79.92032623291014,113.94437408447264
1.0,0.0,80.4219970703125,112.92299652099608
1.0,0.0,81.62999725341795,110.55500030517578
1.0,0.0,82.31015014648438,109.24649047851562
1.0,0.0,82.98355865478516,107.95659637451172
1.0,0.0,83.6261215209961,106.72374725341795
1.0,0.0,84.21377563476561,105.58641052246092
1.0,0.0,84.72242736816406,104.5830078125
1.0,0.0,85.12799835205078,103.75199890136717
1.0,0.0,85.57150268554686,102.80512237548828
1.0,0.0,86.0081329345703,101.85560607910156
1.0,0.0,86.43809509277342,100.90352630615234
1.0,0.0,86.86157989501953,99.94898223876952
1.0,0.0,87.2787857055664,98.9920425415039
1.0,0.0,87.68990325927734,98.03278350830078
1.0,0.0,88.09513854980467,97.07129669189453
1.0,0.0,88.49468231201172,96.10765838623047
1.0,0.0,88.88872528076173,95.1419448852539
1.0,0.0,89.27747344970702,94.17424011230467
1.0,0.0,89.66111755371092,93.20462799072264
1.0,0.0,90.0398483276367,92.2331771850586
1.0,0.0,90.41387176513673,91.2599868774414
1.0,0.0,90.7833786010742,90.28512573242189
1.0,0.0,91.1485595703125,89.30867767333984
1.0,0.0,91.5096206665039,88.33071899414062
1.0,0.0,91.86675262451172,87.35133361816406
1.0,0.0,92.22015380859376,86.37060546875
1.0,0.0,92.57001495361328,85.38860321044922
1.0,0.0,92.91654205322264,84.40542602539062
1.0,0.0,93.25991821289062,83.42114257812499
1.0,0.0,93.60034942626952,82.43582916259764
1.0,0.0,93.93803405761719,81.44957733154298
1.0,0.0,94.27315521240233,80.46246337890625
1.0,0.0,94.60591888427734,79.47457122802734
1.0,0.0,94.93651580810547,78.48597717285155
1.0,0.0,95.26514434814452,77.49675750732422
1.0,0.0,95.59200286865233,76.50700378417967
1.0,0.0,95.92806243896483,75.47179412841795
1.0,0.0,96.25545501708984,74.43324279785155
1.0,0.0,96.57394409179688,73.39144897460938
1.0,0.0,96.8833236694336,72.3465118408203
1.0,0.0,97.18338012695312,71.29852294921875
1.0,0.0,97.47389221191406,70.24758911132812
1.0,0.0,97.75463867187501,69.19381713867188
1.0,0.0,98.0254135131836,68.13729095458984
1.0,0.0,98.28600311279295,67.078125
1.0,0.0,98.53617858886719,66.01641082763672
1.0,0.0,98.7757339477539,64.9522476196289
1.0,0.0,99.00444793701172,63.8857421875
1.0,0.0,99.2220993041992,62.816986083984375
1.0,0.0,99.4284896850586,61.7460823059082
1.0,0.0,99.6233901977539,60.673133850097656
1.0,0.0,99.80658721923827,59.598236083984375
1.0,0.0,99.97785949707033,58.52149200439453
1.0,0.0,100.13700103759764,57.44300079345703
1.0,0.0,100.2858657836914,56.34603118896484
1.0,0.0,100.42128753662108,55.24729537963867
1.0,0.0,100.54247283935545,54.14703750610352
1.0,0.0,100.6486358642578,53.045509338378906
1.0,0.0,100.73899841308592,51.94295501708984
1.0,0.0,100.81277465820312,50.839630126953125
1.0,0.0,100.86918640136717,49.73577880859375
1.0,0.0,100.90743255615234,48.63165283203125
1.0,0.0,100.92675018310545,47.52750015258789
1.0,0.0,100.92633819580078,46.42356872558594
1.0,0.0,100.90542602539062,45.32011032104492
1.0,0.0,100.86322021484376,44.21736907958984
1.0,0.0,100.79894256591795,43.11560058593751
1.0,0.0,100.71180725097656,42.01504898071289
1.0,0.0,100.6010284423828,40.91596221923828
1.0,0.0,100.4658203125,39.8185920715332
1.0,0.0,100.30540466308592,38.723190307617195
1.0,0.0,100.11900329589844,37.630001068115234
1.0,0.0,100.121,37.631
1.0,1.0,46.374000549316406,25.11000061035156
1.0,1.0,47.32564926147461,24.533773422241207
1.0,1.0,48.29943084716797,24.01366424560547
1.0,1.0,49.29420471191406,23.548131942749023
1.0,1.0,50.308815002441406,23.135631561279297
1.0,1.0,51.34212493896484,22.77462577819824
1.0,1.0,52.39298248291016,22.46356773376465
1.0,1.0,53.46024703979492,22.200918197631836
1.0,1.0,54.54276657104492,21.98513603210449
1.0,1.0,55.63940048217773,21.81467628479004
1.0,1.0,56.749000549316406,21.6879997253418
1.0,1.0,56.938,21.688
1.0,1.0,58.954124450683594,21.64974975585937
1.0,1.0,60.88999938964844,21.937000274658203
1.0,1.0,62.01938629150391,22.25222969055176
1.0,1.0,63.09146499633789,22.620555877685543
1.0,1.0,64.10690307617188,23.03954696655273
1.0,1.0,65.06636047363281,23.506769180297848
1.0,1.0,65.97049713134766,24.0197868347168
1.0,1.0,66.81998443603516,24.57616806030273
1.0,1.0,67.61548614501953,25.173479080200195
1.0,1.0,68.35765075683594,25.80928421020508
1.0,1.0,69.04715728759766,26.481153488159176
1.0,1.0,69.6846694946289,27.186649322509766
1.0,1.0,70.27083587646484,27.923341751098633
1.0,1.0,70.80632781982422,28.68879508972168
1.0,1.0,71.29181671142578,29.48057556152344
1.0,1.0,71.72795104980469,30.29624938964844
1.0,1.0,72.11540222167967,31.133384704589844
1.0,1.0,72.45483398437501,31.989545822143555
1.0,1.0,72.74691009521484,32.862300872802734
1.0,1.0,72.99229431152342,33.74921417236328
1.0,1.0,73.19164276123047,34.64785385131836
1.0,1.0,73.34562683105469,35.5557861328125
1.0,1.0,73.45490264892578,36.47057723999024
1.0,1.0,73.5201416015625,37.38979339599609
1.0,1.0,73.54199981689453,38.31100082397461
1.0,1.0,73.5204086303711,39.400970458984375
1.0,1.0,73.45478820800781,40.47403335571289
1.0,1.0,73.34530639648438,41.52988052368164
1.0,1.0,73.19214630126953,42.56818771362305
1.0,1.0,72.9954605102539,43.58864212036133
1.0,1.0,72.75543212890625,44.590923309326165
1.0,1.0,72.47221374511719,45.5747184753418
1.0,1.0,72.14598846435545,46.53971099853516
1.0,1.0,71.77692413330078,47.4855842590332
1.0,1.0,71.36518096923828,48.412017822265625
1.0,1.0,70.91093444824219,49.31869888305664
1.0,1.0,70.41434478759766,50.20530700683594
1.0,1.0,69.87559509277344,51.07152938842773
1.0,1.0,69.29483795166016,51.91704940795898
1.0,1.0,68.67225646972656,52.741546630859375
1.0,1.0,68.00801086425781,53.544708251953125
1.0,1.0,67.30227661132812,54.32621383666992
1.0,1.0,66.55521392822266,55.085750579833984
1.0,1.0,65.76699829101562,55.823001861572266
1.0,1.0,64.92878723144531,56.54475402832031
1.0,1.0,64.07098388671875,57.220062255859375
1.0,1.0,63.19304656982422,57.84600830078125
1.0,1.0,62.2944221496582,58.4196662902832
1.0,1.0,61.37455368041992,58.93811035156249
1.0,1.0,60.43290328979492,59.39842224121094
1.0,1.0,59.46891784667969,59.79767990112305
1.0,1.0,58.4820442199707,60.13295745849609
1.0,1.0,57.47173690795898,60.40133666992188
1.0,1.0,56.437442779541016,60.59988784790039
1.0,1.0,55.37862014770508,60.7256965637207
1.0,1.0,54.29471206665039,60.775833129882805
1.0,1.0,53.18517303466797,60.74737548828125
1.0,1.0,52.0494499206543,60.637405395507805
1.0,1.0,50.887001037597656,60.44300079345703
1.0,1.0,49.89919662475586,60.216285705566406
1.0,1.0,48.93773651123047,59.94115829467773
1.0,1.0,48.00370788574219,59.61901855468751
1.0,1.0,47.09819793701172,59.251277923583984
1.0,1.0,46.222286224365234,58.83933639526367
1.0,1.0,45.3770637512207,58.38460159301758
1.0,1.0,44.5636100769043,57.888477325439446
1.0,1.0,43.783016204833984,57.35236740112305
1.0,1.0,43.03636169433594,56.77768325805664
1.0,1.0,42.32473373413086,56.165821075439446
1.0,1.0,41.64922332763672,55.518192291259766
1.0,1.0,41.010906219482415,54.83620071411133
1.0,1.0,40.41087341308594,54.12125015258789
1.0,1.0,39.85021209716797,53.3747444152832
1.0,1.0,39.33000183105469,52.59809494018555
1.0,1.0,38.8513298034668,51.79269790649414
1.0,1.0,38.415283203125,50.95996475219727
1.0,1.0,38.022945404052734,50.10129928588867
1.0,1.0,37.67539978027344,49.2181053161621
1.0,1.0,37.37373733520508,48.311790466308594
1.0,1.0,37.119037628173835,47.38375473022461
1.0,1.0,36.91238784790039,46.43540954589844
1.0,1.0,36.75487518310546,45.46815490722656
1.0,1.0,36.64758300781249,44.4833984375
1.0,1.0,36.59159469604492,43.48254394531249
1.0,1.0,36.5880012512207,42.46699905395508
1.0,1.0,36.63677597045898,41.36616134643555
1.0,1.0,36.73289489746094,40.2883186340332
1.0,1.0,36.87619400024414,39.23372650146484
1.0,1.0,37.06651306152344,38.20264053344727
1.0,1.0,37.303688049316406,37.1953125
1.0,1.0,37.58755874633789,36.21200180053711
1.0,1.0,37.91796112060546,35.25295639038086
1.0,1.0,38.294734954833984,34.31843948364258
1.0,1.0,38.71772003173828,33.4087028503418
1.0,1.0,39.18674850463867,32.52399826049805
1.0,1.0,39.70166397094727,31.664587020874023
1.0,1.0,40.26230239868164,30.830720901489254
1.0,1.0,40.86850357055664,30.02265167236328
1.0,1.0,41.52010345458984,29.24064064025879
1.0,1.0,42.21693801879882,28.48493766784668
1.0,1.0,42.95884704589844,27.755800247192383
1.0,1.0,43.74567031860352,27.053482055664062
1.0,1.0,44.577247619628906,26.37824058532715
1.0,1.0,45.45341110229492,25.73032760620117
1.0,1.0,46.374000549316406,25.11000061035156
1.0,1.0,46.374,25.11
